https://s7d9.scene7.com/is/image/CharlotteRusse/302635771_468?$s7product$&cache=on&fmt=jpg&cache=on&fit=constrain,1&wid=290&hei=375
https://s7d9.scene7.com/is/image/CharlotteRusse/302587857_097?$s7product$&cache=on&fmt=jpg&cache=on&fit=constrain,1&wid=290&hei=375
http://4.imimg.com/data4/IP/KA/MY-18024888/denim-wear-500x500.jpg
https://dxs8u2q9547g0.cloudfront.net/sys-master/images/ha6/hcb/10832279076894/WW_denim_DT_PLP.jpg
https://lsco.scene7.com/is/image/lsco/Levis/clothing/361370005-front-pdp.jpg?$grid_desktop_full$
https://ae01.alicdn.com/kf/HTB1QWNCQXXXXXbpXXXXq6xXFXXXh/Big-Girl-Fashio-Denim-Clothing-Suits-for-Girl-Clothing-Sets-Children-Solid-shirt-Boot-Cut-Pant.jpg_640x640.jpg
http://picture-cdn.wheretoget.it/r30pcj-i.jpg
http://www.cstylejeans.com/wp-content/uploads/2016/09/Tips-For-Recognizing-Denim-Clothing.jpg
https://www.peppertreelondon.co.uk/pub/media/catalog/product/cache/edb43174c563d9b92952e802952e7eed/m/a/main_11_2.jpg
http://picture-cdn.wheretoget.it/mbxwkz-i.jpg
https://a1276.ztat.net/lpo/zalando/lp/2013/05/lpo-3301/sp-denimWear/bg-denimWear-s1-jeanskleider.jpg
https://i.pinimg.com/236x/e8/b1/1f/e8b11f92fb9dcd941a3a57a282f84985--jeans-denim-blue-jeans.jpg
https://dxs8u2q9547g0.cloudfront.net/sys-master/products/h9a/h91/8936842199070/128247256_Denim_01.jpg_LARGE
https://www.dhresource.com/0x0s/f2-albu-g3-M00-77-D1-rBVaHVVQVxCATDpbAALC-ctz904506.jpg/girl-denim-clothing-set-t-shirt-pants-set.jpg
https://cdn.shopify.com/s/files/1/2351/6715/products/Revtown_NewIndigo_-7-2.jpg?v=1546217053
https://assets.myntassets.com/dpr_2,q_60,w_210,c_limit,fl_progressive/assets/images/7526010/2018/10/4/5fc8d23d-d7c9-4cae-97f1-c33bff8559ce1538636425806-StyleStone-Womens-Blue-Distressed-Denim-Jacket-4851538636425575-1.jpg
https://media.missguided.com/s/missguided/G1802544_set/1/blue-oversized-denim-jacket
https://mrpg.scene7.com/is/image/MRP/01_2104810056_SI_00?wid=900&hei=900&qlt=90
https://3.imimg.com/data3/XE/TG/MY-9667514/denim-250x250.jpeg
https://assets.myntassets.com/dpr_2,q_60,w_210,c_limit,fl_progressive/assets/images/2367851/2018/10/11/4d374dda-665a-4d7c-b3c8-7a57208621211539235833551-Roadster-Women-Blue-Stretchable--Jeggings-1431539235831988-1.jpg
https://images.dorothyperkins.com/i/DorothyPerkins/DP70014002_F_1.jpg?$Large$
https://cdn.citychic.com.au/media/catalog/product/cache/17/alt_image/320x525/9df78eab33525d08d6e5fb8d27136e95/1/4/149550middenim-3.1547231422.jpg
https://gloimg.zafcdn.com/zaful/pdm-product-pic/Clothing/2017/10/25/goods-first-img/1508894974650742573.jpg
https://static.pullandbear.net/2/photos/2019/V/0/1/p/5638/304/400/5638304400_1_1_3.jpg?t=1547218709402
http://picture-cdn.wheretoget.it/rquho0-i.jpg
https://supre.com.au/on/demandware.static/-/Sites/default/dw71198415/supre/AUS/2019/3_MARCH/WEBSITE_ASSETS/Denim.jpg
https://cdn.iofferphoto.com/img/item/645/834/903/off-white-denim-jacket-men-brand-clothing-jeans-jackets-d933.jpg
https://images-na.ssl-images-amazon.com/images/I/51%2BeaIAZ25L._UX385_.jpg
https://www.joesjeans.com/Media/JOES/homepage/joes-jeans-womens-jeans.jpg
https://d266gltxjnum49.cloudfront.net/media/catalog/product/cache/1/small_image/232x348/9df78eab33525d08d6e5fb8d27136e95/c/l/a5/clothing-jumpsuit-kk89c-5078-jslightdenim.jpg
https://4.imimg.com/data4/OA/PM/MY-2077807/denim-jeans-500x500.jpg
https://factory.jcrew.com/s7-img-facade/E8819_DM1256?$pdp_enlarge$
https://images.dresshead.com/images/Blue%20Dresses/5525203/5525203.jpg
https://freez.com.au/wp-content/uploads/2018/02/2018-02-20-10.39.11.jpg
https://www.reitmans.com/on/demandware.static/-/Sites/default/dw87afa88b/Reitmans_CA/images/2019/lpv/190123/denim-page_crousel_header.jpg
https://www.miladys.com/getmetafile/c141c106-1c7e-407f-b711-1e48f8f7bd1f/Crops9.aspx?width=296&height=381&sku=2098610170
https://s7d9.scene7.com/is/image/CharlotteRusse/302619047_467?$s7product$&cache=on&fmt=jpg&cache=on&fit=constrain,1&wid=290&hei=375
https://assets.myntassets.com/dpr_2,q_60,w_210,c_limit,fl_progressive/assets/images/8676519/2019/2/8/836007c5-ac95-47e2-9de2-e50b26a7b1e91549629534743-MANGO-Women-Jackets-1111549629533823-1.jpg
https://www.allamericanclothing.com/mm5/graphics/00000001/B505_laydown_486x518.jpg
https://images.dorothyperkins.com/i/DorothyPerkins/DP70200210_F_1.jpg?$Large$
https://d266gltxjnum49.cloudfront.net/media/catalog/product/cache/1/small_image/232x348/9df78eab33525d08d6e5fb8d27136e95/c/l/52/clothing-pants-kk89c-717-jdarkblue_1.jpg
https://i.pinimg.com/originals/d6/56/03/d65603461d3d6fa7ae0524e848c409f6.jpg
https://allusaclothing.com/pub/media/catalog/product/cache/image/700x560/e9c3970ab036de70892d86c6d221abfe/u/n/union_line_25305.png
https://images.ctfassets.net/bz0fvtkbk5r1/1yFyk3pgAoK26UAOowCSya/31e29f4b438b68cd30f7d0738ff530ce/PC175DENA.jpg?q=80&w=550
https://s7d9.scene7.com/is/image/CharlotteRusse/302583854_469?$s7product$&cache=on&fmt=jpg&cache=on&fit=constrain,1&wid=290&hei=375
https://www.bellyssimo.co.za/images/stories/virtuemart/product/B_bundle_denim_bundle_v2.jpg
https://static.pullandbear.net/2/photos/2019/V/0/1/p/9396/321/400/9396321400_4_1_2.jpg?t=1547807506414
https://image.tfgmedia.co.za/image/1/process/1600x450?source=http://cdn.tfgmedia.co.za/02/Marketing/Category%20Landing%20Banner-MKM/MKM_WK33_DENIM.jpg
https://cdn-img.prettylittlething.com/e/9/1/0/e910427156a2ca269044ee9b8557f62150e86735_cma0743_1.jpg?imwidth=400
https://www.careofcarl.fi/bilder/artiklar/zoom/15225711r_1.jpg
https://cdn.wearethought.com/wp-content/uploads/2018/03/Organic-Denim-Jeans-Thought-Clothing.jpg
https://c.zmags.com/assets/images/5c1a8f03534c061573784c58_480x320.jpeg
http://www.fashionmio.com/wp-content/uploads/2014/11/Denim_Clothing_Pieces.jpg
https://www.crossroads.com.au/medias/crossroads-00145732-411-1-300x300?context=bWFzdGVyfHJvb3R8OTMwNnxpbWFnZS9qcGVnfHN5cy1tYXN0ZXIvcm9vdC9oOTQvaDk5Lzk1MzEzNjc1ODc4NzAvY3Jvc3Nyb2Fkcy0wMDE0NTczMl80MTEtMV8zMDB4MzAwfDQwMjAwYWMyZWU5ZWEyNjMzMjAxMWM5MmU4M2I1YzE5ZGViNTg5YjdlM2U3ZDZiYWI4ZDI4ZTAxMWZlZmYwZjE
https://cdn-img.prettylittlething.com/7/9/d/f/79df7bcba73cb5b6ad5ab5de62b0cecdadd0039b_clv1603_1.jpg?imwidth=400
https://35f0jq1fcotly82b3o727xi0-wpengine.netdna-ssl.com/wp-content/uploads/Vintage-Denim-Jacket-Front-786-324x486.jpg
https://cdn.shopify.com/s/files/1/0470/2117/products/Front_edited-1_3de569e8-9399-4425-a346-40e6fb0ad6de_2048x.jpg?v=1542622136
https://www.shopakira.com/media/catalog/product/cache/1/small_image/600x906.75/9df78eab33525d08d6e5fb8d27136e95/h/a/hails-mary-in-the-sky-denim-jacket_light-blue_1.jpg
https://i.pinimg.com/236x/c9/a1/d3/c9a1d33d17fd8d856f0ad3ba69d52837--denim-patchwork-patchwork-designs.jpg
https://images.dresshead.com/images/Blue%20Dresses/5525181/5525181.jpg
https://europe.lee.com/media/catalog/product/cache/0/image/9df78eab33525d08d6e5fb8d27136e95/import/item/1/L87ARDJK.jpg
https://d266gltxjnum49.cloudfront.net/media/catalog/product/cache/1/small_image/232x348/9df78eab33525d08d6e5fb8d27136e95/c/l/d4/clothing-dress-kk89c-1003-drsbluedenim.jpg
http://www.socresonline.org.uk/10/1/candy/c3.jpg
https://www.chicos.com/Product_Images/570256558ext2.jpg?resize=300px:*
https://media.missguided.com/s/missguided/G1805773_set/1/blue-denim-super-oversized-boyfriend-shirt.jpg?$category-page__grid--1x$
https://www.careofcarl.fi/bilder/artiklar/zoom/15649211r_1.jpg
https://www.warehouse.co.uk/dw/image/v2/AAXE_PRD/on/demandware.static/-/Sites-WAREHOUSE/default/dw62477dd6/images/hi-res/warehouse_03375067_2.jpg?sw=357&sh=535&sm=cut
https://cdn3.volusion.com/tfljt.hdqfa/v/vspfiles/photos/611D-2.jpg?1516888425
https://cdn.webshopapp.com/shops/44447/files/258395198/320x500x2/wam-denim-prato.jpg
https://images.ctfassets.net/bz0fvtkbk5r1/1IdE6kEn5meQgom0a46aMC/b204e8661091c6b63151c81c382386a2/bp-pd719ldec-large.jpg?q=80&w=550
https://cdn.shopify.com/s/files/1/2259/1799/products/LWTS0657-WSNO-1078.jpg?v=1547770415
https://image.tfgmedia.co.za/image/1/process/234x234?source=http://cdn.tfgmedia.co.za/02/ProductImages/57039000.jpg
https://images.yoox.com/34/34811767qv_12_f.jpg
https://www.chicos.com/web_assets/img/20190219/denim_straight_MOB.jpg
https://cdn1.gluestore.com.au/media/catalog/product/cache/1/image/400x533/9df78eab33525d08d6e5fb8d27136e95/i/m/img_0391_1_1.jpg
https://media.missguided.com/s/missguided/G1802498_set/1/blue-oversized-denim-jacket.jpg?%24category-page__grid--1x%24
https://ae01.alicdn.com/kf/HTB1DIJXQXXXXXXxXXXXq6xXFXXXT/Summer-Dresses-For-Girls-Cotton-Children-Clothing-Denim-Baby-Clothes-Floral-Short-Sleeve-Kids-Clothes-For.jpg
https://d266gltxjnum49.cloudfront.net/media/catalog/product/cache/1/small_image/232x348/9df78eab33525d08d6e5fb8d27136e95/c/l/8a/clothing-outfit-ffff7-sj1100ddenim.jpg
https://www.jcrew.com/s7-img-facade/K7510_DM2436
https://static.pullandbear.net/2/photos/2019/V/0/1/p/9393/323/400/9393323400_4_1_2.jpg?t=1549542843682
https://www.crossroads.com.au/medias/crossroads-00143478-407-1-300x300?context=bWFzdGVyfHJvb3R8MTg1MTB8aW1hZ2UvanBlZ3xzeXMtbWFzdGVyL3Jvb3QvaGQxL2gxYi85NDU3NjcxNDM4MzY2L2Nyb3Nzcm9hZHMtMDAxNDM0NzhfNDA3LTFfMzAweDMwMHxmMmY3MDVlYTQyMGVlYzY4OTRmNDA1ZWQ1ZTdkODE1ODllMDIxMjY5MmZhODc4NzRmNjU1MmRmYTNhNjc2Y2I3
https://smhttp-ssl-77968.nexcesscdn.net/pub/media/wysiwyg/HO18/fit-guide/HO18-Denim-Fit-Guide-Labor.png
https://www.oasis-stores.com/dw/image/v2/AAWY_PRD/on/demandware.static/-/Sites-OASIS/default/dw9a185d6a/images/hi-res/oasis_06876558_2.jpg?sw=507&sh=535
https://riverisland.scene7.com/is/image/RiverIsland/834327_main?$CrossSellProductPage300$
https://www.miladys.com/getmetafile/459aa195-d3e7-4972-862a-c66aef395d18/Dresses6.aspx?width=296&height=381&sku=2053810621
https://mediasource.cabionline.com/wp-content/uploads/cabi-templates/s19/collection-headers/collection-category-header-denim.jpg
http://picture-cdn.wheretoget.it/fx3w42-i.jpg
https://upload.wikimedia.org/wikipedia/commons/d/d2/Jeans_for_men.jpg
https://europe.lee.com/media/catalog/product/cache/0/image/9df78eab33525d08d6e5fb8d27136e95/import/item/1/L706HFAE.jpg
https://p11.secure.hostingprod.com/@site.gojane.com/ssl/img/d/13/138483-d-blue-0.jpg
https://static.pixlee.com/photos/264240288/medium/53c1a138d27dec53132f.jpg
https://cdn-img.prettylittlething.com/2/c/d/a/2cda9d72e8900535b15e1d532faffce51b36ecaf_CLV2533_1.JPG?imwidth=400
https://www.chicos.com/Product_Images/570256558_4474.jpg?resize=300px:*
https://cdnazure-socialannexinc.netdna-ssl.com/9779911/977991118889100_1698402770187979_3811838987652300800_n.jpg
https://uk.louisvuitton.com/images/is/image/lv/1/PP_VP_AS/louis-vuitton--HGD90WLVP65L_PM2_Front%20view.jpg?wid=287&hei=287
https://d266gltxjnum49.cloudfront.net/media/catalog/product/cache/1/small_image/232x348/9df78eab33525d08d6e5fb8d27136e95/c/l/3b/clothing-dress-jjjj8-sd30224darkdenim.jpg
https://lsco.scene7.com/is/image/lsco/Levis/clothing/594840005-front-pdp.jpg?$grid_desktop_full$
https://images.evans.co.uk/i/Evans/EV34C03CDNM_M_1.jpg?$Large$
https://modella.com.au/wp-content/shopp/images/cache_225_320_2_100_80_16777215_harper-and-me-clothing-denim-button-down-sun-dress.JPG
https://riverisland.scene7.com/is/image/RiverIsland/834479_main?$CrossSellProductPage300$
https://www.careofcarl.fi/bilder/artiklar/zoom/15225811r_1.jpg
https://cdn.tobi.com/product_images/md/2/dark-wash-tami-denim-mini-dress.jpg
https://ik.imagekit.io/overdose/nobodydenim/media/catalog/product/cache/1ae5f560af00c40efcb988ee04f5cd06/j/7/j7733b_m.jpg
https://images.unsplash.com/photo-1535821768496-80f6b2bd573a?ixlib=rb-1.2.1&ixid=eyJhcHBfaWQiOjEyMDd9&w=1000&q=80
https://image.tfgmedia.co.za/image/1/process/234x234?source=http://cdn.tfgmedia.co.za/02/ProductImages/56623702.jpg
https://dx0woejilafh2.cloudfront.net/sys-master/m0/MC/2019/1/6161509003/001/s3master/6161509003001-z-detiene-top-canottiera-in-tes._thumbnail.jpg
http://assets.myntassets.com/assets/images/1523585/2016/10/1/11475303916294-Wrangler-Men-Shirts-1931475303916014-1.jpg
https://46fjj12eeht73lsxezcqpvlt-wpengine.netdna-ssl.com/wp-content/uploads/2019/02/fade-of-the-day-conners-sewing-factory-s409xxx-m-46-first-half-2-years-unknown-washes-front-back.jpg
https://is4.revolveassets.com/images/p4/n/c/LEIV-WJ66_V1.jpg
https://cdn.shopify.com/s/files/1/1268/8989/products/111SK130_Denim_L_1600x.jpg?v=1544055329
https://res.cloudinary.com/context/image/upload/c_scale,fl_progressive,w_768/v1542246302/orvaluxthcjpkeo0qtzn.jpg
https://cdn.shopify.com/s/files/1/0237/2693/files/SS19.MOBILE_800x.jpg?v=1550771580
https://bonprix.scene7.com/is/image/OttoUK/231w/Classic-Denim-Jacket~931157FRSP.jpg
http://www.kidilizgroup.com/wp-content/uploads/LEVIS-KIDS_17H_710711_Group_G_128-1030x687.jpg
http://www.lastentaikamaa.fi/WebRoot/GPL/Shops/01122008-116112/596C/B411/3B19/CB52/1D4C/0A28/1011/A9E5/19545_043_1.jpg
https://media.missguided.com/s/missguided/G1805621_set/1/blue-stonewash-oversized-denim-shirt-dress.jpg?%24category-page__grid--1x%24
http://blueisinfashionthisyear.com/wp-content/uploads/2017/10/denim-jacket.jpg
https://p11.secure.hostingprod.com/@site.gojane.com/ssl/img/d/13/138482-d-blue-0.jpg
http://www.thehazelsbeauty.net/image/cache/data/category_8/dollhouse-girls'-denim-flower-jeans-with-rips-clothing-kyd9q3t2j-500x500-product_popup.jpg
https://i.pinimg.com/236x/c1/6a/1c/c16a1c740567dd77ade4200072bc34e1.jpg
https://cdn.shopify.com/s/files/1/1381/0415/files/Category-WomensDayShirt_1000x.progressive.jpg?v=1551221909
https://i.s-madewell.com/is/image/madewell/w-2019-jan2-BJGG-img1?wid=500&fmt=jpeg&fit=wrap&qlt=70,1&op_sharpen=0&resMode=bicub&op_usm=0.5,1,5,0
https://anninc.scene7.com/is/image/LO/495903_7211?$plp$
https://media.cabionline.com/wp-content/uploads/2019/01/s19-denim-guide-banner.jpg
https://ik.imagekit.io/overdose/nobodydenim/media/catalog/product/cache/1ae5f560af00c40efcb988ee04f5cd06/t/7/t7666_m.jpg
https://www.rokit.co.uk/media/catalog/product/cache/small_image/360x480/beff4985b56e3afdbeabfc89641a4582/1/2/1218098-img-0047.jpg
https://cdn.yoox.biz/38/38793718LG_12_a_V4.jpg
https://www.levis.com.au/dw/image/v2/BBRC_PRD/on/demandware.static/-/Sites-LeviMaster-Catalog/en_AU/dw3879703b/images/hi-res/228430032/228430032_01_Front.jpg?sw=228&sh=280
https://cottonon.com/on/demandware.static/-/Library-Sites-cog-megastore-shared-library/default/dw30719f57/Cotton_On_Adults/2018/august/ANZ/WC0730_W06652_AU_A_BP_D_15.gif
https://www.selfedge.com/catalog/view/theme/selfedge/img/jean-finder/full-all.jpg
https://images.ctfassets.net/bz0fvtkbk5r1/3x5EEZyP0cMmO8ewGWiGWE/96ec8b5bbe84259f6f46ce5cfb9388c6/bp-pt590inda-large.jpg?q=80&w=1374
https://images.topshop.com/i/TopShop/TS26A27QMDT_M_1.jpg?$Large$
https://s7ondemand6.scene7.com//is/image/MothercareASE/lsf648_1?&$dw_large_mc$
https://35f0jq1fcotly82b3o727xi0-wpengine.netdna-ssl.com/wp-content/uploads/Vintage-Denim-Jacket-Close-833.jpg
https://cdn2.stylecraze.com/wp-content/uploads/2018/05/How-To-Wear-A-Denim-Jacket-25-Outfit-Ideas.jpg
https://mrpg.scene7.com/is/image/MRP/01_1107418097_SI_00?wid=360&hei=540&qlt=80
https://images.dresshead.com/images/Blue%20Dresses/5525024/5525024.jpg
https://s7d9.scene7.com/is/image/CharlotteRusse/302625974_468?$s7product$&cache=on&fmt=jpg&cache=on&fit=constrain,1&wid=290&hei=375
https://n.nordstrommedia.com/ImageGallery/store/product/Zoom/8/_102625088.jpg?h=365&w=240&dpr=2&quality=45&fit=fill&fm=jpg
https://neuwdenim.com/media/catalog/product/cache/552d357425a099328572578f6eedc5e6/3/8/38116_slim_tee_-0360-deep_indigo_0735.jpg
https://www.chicos.com/Product_Images/570256741ext2.jpg?resize=300px:*
https://riverisland.scene7.com/is/image/RiverIsland/833992_main?$CrossSellProductPage300$
https://image.tfgmedia.co.za/image/1/process/234x234?source=http://cdn.tfgmedia.co.za/02/ProductImages/57039385.jpg
https://s3.r29static.com//bin/entry/182/x,80/1607473/image.jpg
https://cdn.shopify.com/s/files/1/2189/4291/products/Carter_Jade_1_384x480_crop_center.jpg?v=1540355820
http://www.lastentaikamaa.fi/WebRoot/GPL/Shops/01122008-116112/583D/F465/0D74/93A7/D663/0A28/100B/DA77/18937_061_1.jpg
https://cdn.shopify.com/s/files/1/0048/4524/0393/files/June_slide_mobile.jpg?8085643200242162172
https://www.pikkuotus.com/tuotekuvat/x550/6917_6c82382430-1871013099-1-mini-rodini-cheer-cat-denim-jacket-black-s_standard.jpg
https://cdn-img.prettylittlething.com/7/e/b/2/7eb219d204d783880e98cccfae1e7cae52847a7a_cly9251_1.jpg?imwidth=400
https://cdn.wearethought.com/wp-content/uploads/2018/03/Organic-Cotton-Denim-Chambray-Clothing.jpg
https://s7d9.scene7.com/is/image/Chaps/medium/1915054266400041_001.jpg
https://cdn1.gluestore.com.au/media/catalog/product/cache/1/image/400x533/9df78eab33525d08d6e5fb8d27136e95/i/m/img_0370_1.jpg
https://cdn.shopify.com/s/files/1/0237/2693/files/ss19_denim_mobile_800x.jpg?v=1550772816
https://d8u4ar0mtddgh.cloudfront.net/media/catalog/product/cache/1/small_image/795x1060/85e4522595efc69f496374d01ef2bf13/q/p/qp557d55erb_eyeliner_blk_0.jpg
https://images.express.com/is/image/expressfashion/0024_03326187_0018?cache=on&wid=361&fmt=jpeg&qlt=75,1&resmode=sharp2&op_usm=1,1,5,0&defaultImage=Photo-Coming-Soon
https://clickshipnow.com/wp-content/uploads/2018/10/Denim-Jackets-Coats-Clothing-Women%E2%80%99s-Must-have-Fall-Winter-Outfits-z01.jpg
https://cdn.shopify.com/s/files/1/0878/8948/products/LCK-18-008-Factory_Shoot1173_600x.jpg?v=1535655894
https://assets.myntassets.com/dpr_2,q_60,w_210,c_limit,fl_progressive/assets/images/994372/2015/10/26/11445855174051-United-Colors-of-Benetton-Blue-Denim-Casual-Shirt-1341445855171867-1.jpg
http://www.chriscarpetcleans.com/images/Amiri-us/m-12306032.jpg
https://cdn.shopify.com/s/files/1/0178/0090/products/20171018_ProductShots_156_480x.jpg
https://i.s-madewell.com/is/image/madewell/w-2018-sep1-denimbar-03-marketingtiles-dowell-img1?wid=800&fmt=jpeg&fit=wrap&qlt=65,1&op_sharpen=0&resMode=bicub&op_usm=0.5,1,5,0
https://d266gltxjnum49.cloudfront.net/media/catalog/product/cache/1/small_image/232x348/9df78eab33525d08d6e5fb8d27136e95/c/l/7d/clothing-outfit-kk89c-713-diffdenim.jpg
https://cdn.shopify.com/s/files/1/1342/3945/products/IMG_1742.jpg?v=1492875537
https://www.joesjeans.com/Media/JOES/homepage/joes-hi-rise-honey-hp.jpg
https://dxs8u2q9547g0.cloudfront.net/sys-master/images/h79/h3d/11074141126686/WW%20Top%20Banner.jpg
https://images.urbanoutfitters.com/is/image/UrbanOutfitters/50993534_091_b?$medium$&qlt=80&fit=constrain
https://www.nydj.com/dw/image/v2/BCHH_PRD/on/demandware.static/-/Sites-master-catalog-nydj/default/dwee119f88/images/large/MATH2152_WANDE_1.jpg?sw=768&sh=1152&sm=cut
https://smhttp-ssl-77968.nexcesscdn.net/pub/media/wysiwyg/HO18/fit-guide/HO18-Denim-Fit-Guide-Method.png
https://religionclothing.com/media/catalog/product/cache/1/small_image/600x/17f82f742ffe127f42dca9de82fb58b1/r/e/religion_blitz_grey_speckle_denim_jacket_3_.jpg
https://cdn.webshopapp.com/shops/44447/files/257900705/320x500x2/wam-denim-renton.jpg
https://www.jcrew.com/brand_creative/fitguides/201809/w_denim/201809_Sep2_W_Denim_FitGuide_img3_m.jpg
https://www3.assets-gap.com/webcontent/0016/390/227/cn16390227.jpg
https://www.boohoo.com/on/demandware.static/-/Library-Sites-boohoo-content-global/default/dwa52c5609/images/mm-images/260219_all_clothing_mm.jpg
https://gloimg.rglcdn.com/rosegal/pdm-product-pic/Clothing/2019/01/11/goods-img/1551126150713181062.jpg
http://www.seo-blueprints.com/images/category_18/1%20Denim%20Women%20Perfection%20Black%20Skinny%20Jeans%20Clothing%20Bottoms%20Jeans%20%20Denim%201dWS400MDORVIN%20OWWBVMU.jpg
https://ae01.alicdn.com/kf/HTB1MJaCIFXXXXaDaXXXq6xXFXXXj/New-spring-summer-2014-women-elegant-fashion-dress-embroidered-denim-casual-dress-designer-plus-size-women.jpg
http://www.appalachianangoras.org/images/category_7/%20Juicy%20Couture%20Big%20Girls39%20Denim%20Shorts%20(16%20Denim)%20Clothing%20-%209JQRSIM62.jpg
https://hips.hearstapps.com/hmg-prod.s3.amazonaws.com/images/g9594-dm1810-1518629482.jpeg
https://r8zlusvr.rocketcdn.com/images/ac_product_images/product_image_data/resizeandpad:400:600/213833.jpg
https://media.missguided.com/s/missguided/V9777156_set/1/plus-size-black-lace-bodysuit
https://media.gucci.com/style/DarkGray_South_0_160_316x316/1529309703/408637_XRC83_4271_001_100_0000_Light-Mens-denim-pant-with-NY-Yankees-patch.jpg
https://images.topshop.com/i/TopShop/TS26A34QGRY_M_1.jpg?$Large$
https://img1.junaroad.com/uiproducts/15770461/pri_175_p-1543843123.jpg
https://cottonon.com/on/demandware.static/-/Library-Sites-cog-megastore-shared-library/default/dw58b8801d/Cotton_On_Adults/2018/august/ANZ/WC0730_W06652_AU_A_BP_D_05.gif
https://clarissaseaton.files.wordpress.com/2012/08/denim-clothes.jpg
https://cdn.citychic.com.au/media/catalog/product/cache/17/alt_image/320x525/9df78eab33525d08d6e5fb8d27136e95/1/4/149575lightdenim-3.1547231423.jpg
https://media.missguided.com/s/missguided/G1805761_set/1/blue-high-waist-paperbag-belted-denim-mini-skirt.jpg?$category-page__grid--1x$
https://s7d9.scene7.com/is/image/Chaps/medium/1615038340322402_001.jpg
https://www.nydj.com/dw/image/v2/BCHH_PRD/on/demandware.static/-/Sites-master-catalog-nydj/default/dw6f9d82a2/images/large/M10K43B4337_DEN_1.jpg?sw=768&sh=1152&sm=cut
http://www.lastentaikamaa.fi/WebRoot/GPL/Shops/01122008-116112/5842/DD40/3B76/2CAB/E952/0A28/1010/66A6/18878_061_1xx.jpg
https://supre.com.au/dw/image/v2/BBDS_PRD/on/demandware.static/-/Sites-catalog-master-supre/default/dw740a4a1b/8052431/8052431-17-2.jpg?sw=400&sh=600&sm=fit
https://www.berlinclothing.co.uk/media/catalog/product/cache/1/small_image/270x/9df78eab33525d08d6e5fb8d27136e95/2/5/25101095_med_blue_denim_jacket_cr.jpg
https://mrpg.scene7.com/is/image/MRP/01_3107410415_SI_00?wid=360&hei=540&qlt=80
https://i.etsystatic.com/12063579/d/il/1d1276/1794711487/il_340x270.1794711487_tk83.jpg?version=0
http://www.keepthegreen.org.uk/images/women%20clothing/denim%20%20dresses/Beautiful%20Denim%20Dresses%20-%20denim%20blue%20Lace-Up%20Mini%20Denim%20Dress%20YL91069%20-%20Womens%20Dresses.jpg
http://www.thehazelsbeauty.net/image/cache/data/category_13/girls-denim-jackets-coats-children-outwear-embroidery-sequins-jean-jacket-clothing-pihki4blx-500x500-product_popup.jpg
https://images.dresshead.com/images/Blue%20Dresses/5525226/large/1.jpg
https://cdn.shopify.com/s/files/1/1342/3945/products/LVC_501_-_1966_-_Wash_-_Lables.jpg?v=1474232475
https://www.liveabout.com/thmb/g_7pe5tT9URU5Q7JPChkmTXxMcg=/2120x1414/filters:no_upscale()/GettyImages-westend61-rearviewofwomanwearingjeans-5b3a3cc646e0fb003797eb85.jpg
https://images.express.com/is/image/expressfashion/0076_05874848_0020?cache=on&wid=361&fmt=jpeg&qlt=75,1&resmode=sharp2&op_usm=1,1,5,0&defaultImage=Photo-Coming-Soon
https://cdn.aarp.net/content/dam/aarp/entertainment/fashion_beauty/2018/04/1140-man-shopping-for-jeans-promo.imgcache.rev6e94cfbcb2f0fc3aaa4988547e106189.jpg
https://www.bardot.com/on/demandware.static/-/Sites/default/dwc6b45ada/images/Bardot/Homepage/LA%20City%20Of%20Angels/B01769_EC_WK34_HOMEPAGE_MAIN_FA2.jpg
https://images.ctfassets.net/bz0fvtkbk5r1/keXdYH6CCka044q0USC0c/7be7dd0595d764add4f66e31ea2d2621/bp-pd770blka-large.jpg?q=80&w=550
https://image.tfgmedia.co.za/image/1/process/234x234?source=http://cdn.tfgmedia.co.za/02/ProductImages/57079439.jpg
https://clickshipnow.com/wp-content/uploads/2018/10/Denim-Jackets-Coats-Clothing-Women%E2%80%99s-Must-have-Fall-Winter-Outfits-z07.jpg
https://www.jetonline.co.za/media/wysiwyg/Summer_2018/JET_TW_20_AUG_2018_SUMMER_LOOK_AND_FEEL_UPDATE_DIGITAL_WEBSITE_Site_Banners_and_BlocksWomens_Denim.jpg
https://www.monki.com/content/dam/Monki/Startpage/2019/w7-9/monki-jeans-offer-0709-ss19-two-column.jpg
https://images-na.ssl-images-amazon.com/images/I/61PuyTu76kL._AC_UL160_SR160,160_.jpg
https://www.debenhams.com/wcsstore/DebenhamsUKSite/Mens/Mens_TC_Hero.jpg
https://assets.myntassets.com/dpr_2,q_60,w_210,c_limit,fl_progressive/assets/images/2367845/2018/3/2/11519972547429-Roadster-Blue-Denim-Jeggings-9401519972547169-1.jpg
https://www.gfnclothing.com/images/good-for-nothing-destroyed-paint-splatter-blue-denim-p586-2415_thumb.jpg
https://cdn.tobi.com/product_images/md/2/blue-wandering-star-denim-mini-dress.jpg
https://cdn.cliqueinc.com/cache/posts/270646/denim-trends-2019-270646-1540220314115-image.700x0c.jpg
https://cdn.shopify.com/s/files/1/0878/8948/products/LCK-18-008-Factory_Shoot1237_600x.jpg?v=1535655743
http://fashionclub.com/fc/wp-content/uploads/2017/05/cartier-dior-pianted-denim-feature.jpg
https://www.fashionnoiz.com/userfiles/galleries/naomi-remade-denim-shirt-17532.jpg
https://www.cabionline.com/wp-content/uploads/2019/01/denim-guide.jpg
https://cdn.shopify.com/s/files/1/2189/4291/products/Carter_Blue_1_384x480_crop_center.jpg?v=1539567027
https://is4.revolveassets.com/images/p4/n/c/AGOL-WJ95_V1.jpg
https://digitalcontent.api.tesco.com/v1/media/homepage/Clothing/Womens/Denim/1901+Mig/1901FF-Denim-carousel6-jeggings.jpeg
https://www.peppermayo.com/media/catalog/product/cache/af843b1e06ff09dd056a46d9a0760a48/0/d/0df46904abee464ab5d2d8e25dd48b12.jpg
https://i.ytimg.com/vi/SGgLxHnSCVg/maxresdefault.jpg
https://www.rokit.co.uk/media/catalog/product/cache/small_image/360x480/beff4985b56e3afdbeabfc89641a4582/1/2/1219544-img-0073.jpg
https://images.anthropologie.com/is/image/Anthropologie/4112218770077_033_b?$an-category$&qlt=80&fit=constrain
https://d266gltxjnum49.cloudfront.net/media/catalog/product/cache/1/thumbnail/232x348/9df78eab33525d08d6e5fb8d27136e95/c/l/9e/clothing-jacket-yyy1-dn169blueblack_3.jpg
https://static.scotch-soda.com/media/748D4359-96AB-4676-A8E49ED5BF4B3A65/7F83DA6F-D39C-4030-AB68F3692E1D78C4/Large_PNG-19119602-FNT.png
https://curvissa.scene7.com/is/image/OttoUK/300w/Half-Sleeve-Denim-Dress~92B763FRSP.jpg
https://cdn.brandymelvilleusa.com/media/catalog/product/cache/1/image/547x820/9df78eab33525d08d6e5fb8d27136e95/5/q/5q4a7517.jpg
https://images.missselfridge.com/i/MissSelfridge/MS17A19WBLK_M_1.jpg?$Large$
https://images.gdicdn.com/images/product/100045808/100045808_07J_274x410.jpg?version=1
https://s7d9.scene7.com/is/image/Chaps/medium/7204054264800004_001.jpg
https://cdn.shopify.com/s/files/1/1021/1359/products/vintage_indigo_large.jpg?v=1526531714
https://cdn.shopify.com/s/files/1/1192/4710/products/Refuge_Plain_Jeans_Cuffed_1000x1000.jpg?v=1539061515
https://images.express.com/is/image/expressfashion/0024_02846294_0019?cache=on&wid=361&fmt=jpeg&qlt=75,1&resmode=sharp2&op_usm=1,1,5,0&defaultImage=Photo-Coming-Soon
https://images.unsplash.com/photo-1547227795-33be3f89c971?ixlib=rb-1.2.1&ixid=eyJhcHBfaWQiOjEyMDd9&w=1000&q=80
https://www.7forallmankind.com/media/catalog/product/cache/0573df7840c2e6e57504b94201df1e75/7/f/7fgt4417_bleachwsh_1.jpg
https://mrpg.scene7.com/is/image/MRP/01_5104410256_SI_00?wid=360&hei=540&qlt=80
https://d5n0lf4gshqmd.cloudfront.net/img/2000243256_402_p1/200/250/i.jpg
http://www.keepthegreen.org.uk/images/women%20clothing/denim%20%20dresses/2018%20Latest%20Denim%20Dresses%20-%20blue%20Embroidered%20A-Line%20Denim%20Dress%20MX65382%20-%20Womens%20Dresses.jpg
https://images.selfedge.com/cache/catalog/_2017%20NEW%20HEADERS/SE%20HOME%20FEATURE%202017_0019_IRON%20HEART%20633S-OD%20OVERDYED%2018OZ%20DENIM%20JEANS%20-%20STRAIGHT%20TAPERED-800x602.47594936709.jpg
https://n.nordstrommedia.com/ImageGallery/store/product/Zoom/17/_105014497.jpg?h=365&w=240&dpr=2&quality=45&fit=fill&fm=jpg
https://pmcwwd.files.wordpress.com/2018/06/img_3635.jpg?crop=0px%2C29px%2C2448px%2C1632px&resize=318%2C207
https://www.wearethought.com/wp/wp-content/uploads/2018/03/Organic-Cotton-Denim-Pinafore-Dresses-700x530.jpg
https://cdn1.gluestore.com.au/media/catalog/product/cache/1/image/400x533/9df78eab33525d08d6e5fb8d27136e95/i/m/img_9040.jpg
https://media.frenchconnection.com/ms/fcuk/54atv-mens-cl-washedgrey-denim-slim-fit-jeans.jpg?404=fcuk/54atv.jpg&width=0&height=768
https://www.seedheritage.com/dw/image/v2/AAZI_PRD/on/demandware.static/-/Sites-seed-master-catalog/en_AU/v1551559140717/images/8088039-se/seed-8088039-cl-v1.jpg?sw=232&sh=232&sm=fit
http://www.abexpower-catalogue.co.uk/images/cate_16/640/Riverdale-New-Denim-Jacket-South-Side-Serpents-Streetwear-Tops-Spring-Jeans-Women-Jacket-Harajuku-Fashion-Denim-Clothing-Female-U6Q0R0X3O6D2-dmx0.jpg
https://images.topshop.com/i/TopShop/TS30G09QWHT_M_1.jpg?$Large$
https://www.buffalojeans.com/medias/587-HP-BOX-DENIMSHOP-FEB19-EN.jpg?context=bWFzdGVyfGltYWdlc3wzMzcyNDd8aW1hZ2UvanBlZ3xpbWFnZXMvaGFkL2g5Yi84ODYzMDAwMjMxOTY2LmpwZ3wwYjY0NTNkOTAwZDJlMTQ3MTljYmU2YmNlZmQzNDIxMjk2M2FlMWU4NzllOTZjMzgxYTljYTliMTRhZTVjNjNl
https://www.chicos.com/Product_Images/570256677ext2.jpg?resize=300px:*
https://cdn.webshopapp.com/shops/44447/files/257888261/320x500x2/wam-denim-verona.jpg
https://riverisland.scene7.com/is/image/RiverIsland/834333_main?$CrossSellProductPage300$
https://www.levi.in/on/demandware.static/-/Sites-LeviIN-Library/en_IN/dw66f66f70/images/homepage/Main%20Carousel/P1_newarr_022219.jpg
https://www.salongexclusive.com/images/e9cDUX94HkAZ/High-End-jacket-men-river-island-black-black-denim-clothing-river-island-with-borg-collar-in-9J5A.jpg
https://www.denhamthejeanmaker.com/on/demandware.static/-/Sites/default/dw8e2a785f/images/featured/jeans-women.jpg
https://cdn.shopify.com/s/files/1/3038/9256/products/27325-01_1518462996_500x.jpg?v=1535415130
http://www.thehazelsbeauty.net/image/cache/data/category_12/boohoo-kids-girls-frey-hem-denim-skirt-clothing-cd44o8xra-500x500-product_popup.jpg
https://www.catofashions.com/cms/default/assets/Image/030419/030419-plus.jpg
https://cdn.shopify.com/s/files/1/1342/3945/products/LVC_501_1947-Fly.jpg?v=1522147367
https://uk.louisvuitton.com/images/is/image/lv/1/PP_VP_AS/louis-vuitton--HGS87WLVE650_PM2_Front%20view.jpg?wid=287&hei=287
https://media.gucci.com/style/DarkGray_South_0_160_316x316/1519754405/408623_XR240_4417_001_100_0000_Light-Embroidered-denim-jacket-with-shearling.jpg
https://is4.revolveassets.com/images/p4/n/c/AGOL-WJ135_V1.jpg
https://cdn.shopify.com/s/files/1/0016/6438/5090/products/1-5T-Baby-Girls-Clothing-Jeans-Suspender-Dress-Overalls-Kids-Clothing-Kawaii-Embroidery-Flowers-Toddler-Denim.jpg?v=1524720441
https://cdn.tobi.com/product_images/md/2/blue-tabitha-skater-dress.jpg
https://s7d9.scene7.com/is/image/LuckyBrandJeans/7WD61168_460_2?$productTileDesktop$
https://www.loft.com/webassets/content/loft/header/DENIM_HEADER_18/DESKTOP/images/curvy.slide2.jpg
https://scontent.cdninstagram.com/vp/a48039145b80d0bc05471b7987f272fb/5CE5987A/t51.2885-15/e35/p320x320/50124763_2159906030989534_6283285301935072323_n.jpg?_nc_ht=scontent.cdninstagram.com
https://clickshipnow.com/wp-content/uploads/2018/10/Denim-Jackets-Coats-Clothing-Women%E2%80%99s-Must-have-Fall-Winter-Outfits-z05.jpg
https://www.shopakira.com/media/catalog/product/cache/1/small_image/600x906.75/9df78eab33525d08d6e5fb8d27136e95/s/p/sporty-girl-side-stripe-denim_black_2.jpg
https://i.ytimg.com/vi/Ceylatypmac/hqdefault.jpg
https://cdn.shopify.com/s/files/1/0806/0727/products/DSC_0069_cc6d2372-49bb-4aac-a428-b2d402b39bed_large.JPG
https://i.pinimg.com/236x/c0/c6/c8/c0c6c813453ceee38fe17baf9733622a--denim-tees-jeans-denim.jpg
https://cdn.shopify.com/s/files/1/3038/9256/products/30708-02_1533169222_500x.jpg?v=1535389233
https://35f0jq1fcotly82b3o727xi0-wpengine.netdna-ssl.com/wp-content/uploads/Vintage-Denim-Jacket-Front-841.jpg
https://d2rybvkdbrpupr.cloudfront.net/media/catalog/product/cache/1/small_image/326x420/9df78eab33525d08d6e5fb8d27136e95/1/8/18048001_Black_01.jpg
https://media.missguided.com/s/missguided/G1804050_set/1/blue-sinner-clean-distressed-skinny-jeans.jpg?%24category-page__grid--1x%24
https://image.tfgmedia.co.za/image/1/process/234x234?source=http://cdn.tfgmedia.co.za/02/ProductImages/57039013.jpg
https://d266gltxjnum49.cloudfront.net/media/catalog/product/cache/1/small_image/232x348/9df78eab33525d08d6e5fb8d27136e95/c/l/dd/clothing-dress-nnnn4-dn247blue.jpg
https://46fjj12eeht73lsxezcqpvlt-wpengine.netdna-ssl.com/wp-content/uploads/2019/02/fade-friday-iron-heart-beetle-buster-3-years-5-washes-5-soaks-front-back-770x515.jpg
https://supre.com.au/on/demandware.static/-/Sites/default/dwe4233568/supre/AUS/2019/3_MARCH/WEBSITE_ASSETS/NewIn.jpg
https://ksassets.timeincuk.net/wp/uploads/sites/46/2018/10/150-88030784-DW0DW05386911_LIGHTBLUEDENIM_ALT10.jpg
https://www.leelouanne.com.au/wp-content/uploads/unnamed-17-copy-2-554x549.jpg
https://d8u4ar0mtddgh.cloudfront.net/media/catalog/product/cache/1/small_image/795x1060/85e4522595efc69f496374d01ef2bf13/s/c/sctr_1130_02_074.jpg
https://www.realmenrealstyle.com/wp-content/uploads/denim-jeans-blazer.jpg
https://mosaic04.ztat.net/vgs/media/catalog-lg/EV/42/1E/05/8Q/11/EV421E058-Q11@14.1.jpg
https://gloimg.rglcdn.com/rosegal/pdm-product-pic/Clothing/2017/12/08/goods-img/1512863052642072467.JPG
https://d3lazpv835634a.cloudfront.net/product-media/2JJS/450/450/22001648-sandwich-palesky-1.jpg
https://www.bardot.com/dw/image/v2/BCGZ_PRD/on/demandware.static/-/Sites-bardot-master-catalog/default/dwd6036de9/images/hi-res/bardot/90843PB/90843PB_194030_TF_01.png?sw=330&sh=495&sm=fit
http://www.jamclothing.co.za//media/k2/items/cache/34570ba96cc3a4daee50221a47a4e2ec_M.jpg
https://images3.sandwichfashion.co.uk/products/SAN-25001480-20168/SAN-25001480-20168_00_420x420.jpg
https://res.cloudinary.com/context/image/upload/c_scale,fl_progressive,w_768/v1545458362/hi54uzoakb4ysqnzbgcc.jpg
https://www.rue21.com/content/021919_Girls_CLP_Slices_desktop_denim.jpg
https://cdn-images.farfetch-contents.com/13/40/43/13/13404313_17084211_300.jpg
https://www.penningtons.com/on/demandware.static/-/Sites-Penningtons-master-catalog/default/dw1588959d/images/large/penningtons_418501_480_0.jpg
https://media.cabiclio.com/products/335492-20181031144916.jpeg?w=330
https://ik.imagekit.io/overdose/nobodydenim/media/catalog/product/cache/c601bce0c481f8dce2478e05c4febb3a/t/7/t7646_bella_sweat_king_f_.jpg
https://cdn-img.prettylittlething.com/9/5/d/e/95defeada5426074b6dcd83d0982bf19cb120d98_CLV4087_1.JPG?imwidth=400
https://cdn.shopify.com/s/files/1/1342/3945/products/levi4.jpg?v=1521654894
https://www.thepinkrooster.co.uk/image/cache/data/products/81467-img_5301%20(2)-370x650.jpg
http://www.keepthegreen.org.uk/images/women%20clothing/denim%20%20dresses/Amazing%20Denim%20Dresses%20-%20denim%20blue%20Embroidered%20Fringed%20V%20Neck%20Denim%20Dress%2022WP735%20-%20Womens%20Dresses.jpg
https://media.missguided.com/s/missguided/Y9204474_set/1/tall-black-raw-hem-denim-boyfriend-shorts
https://riverisland.scene7.com/is/image/RiverIsland/836006_main?$CrossSellProductPage300$
https://images.yoox.com/34/34806805ek_12_f.jpg
https://clickshipnow.com/wp-content/uploads/2018/10/Denim-Jackets-Coats-Clothing-Women%E2%80%99s-Must-have-Fall-Winter-Outfits-z06.jpg
https://www.tillys.com/dw/image/v2/BBLQ_PRD/on/demandware.static/-/Sites-master-catalog/default/dwd90508ba/tillys/images/catalog/1000x1000/342848620.jpg?sw=295&sh=380&sm=fit
https://www.selfedge.com/catalog/view/theme/selfedge/img/jean-finder/full-thigh.jpg
https://www3.assets-gap.com/webcontent/0016/488/173/cn16488173.jpg
https://images.dresshead.com/images/dress/Denim%20Dresses/3515026/3515026.jpg
https://cdn1.gluestore.com.au/media/catalog/product/cache/1/image/400x533/9df78eab33525d08d6e5fb8d27136e95/i/m/img_6951.jpg
https://cdn.shopify.com/s/files/1/2189/4291/products/Therese_Denim_1_384x480_crop_center.jpg?v=1539575057
https://i1.wp.com/fashionclub.com/fc/wp-content/uploads/2017/05/cartier-dior-pianted-denim-02.jpg?resize=620%2C420
https://www.whistles.com/dw/image/v2/AAQB_PRD/on/demandware.static/-/Sites-whistles-master-catalog/default/dw62254760/images/00702944513/whistles-slim-leg-frayed-denim-jean-dark-denim_medium_02.jpg?sw=319&sh=486&sm=fit&cx=750&cy=0&cw=980&ch=1494
https://www.therefinery.ca/wp-content/uploads/2015/04/J.Crew-Factory-Chambray.jpg
https://i.pinimg.com/236x/c9/e0/c2/c9e0c2f71e382500f8e4da304753c78f--patched-denim-denim-patchwork.jpg
https://assets.myntassets.com/dpr_2,q_60,w_210,c_limit,fl_progressive/assets/images/2367850/2018/2/21/11519208471331-Roadster-Women-Blue-Jeggings-2491519208471056-1.jpg
https://cdn.shopify.com/s/files/1/3038/9256/products/33576-01_500x.JPG?v=1550715506
https://www.dressbarn.com/assets/images/quickview-herofpo.jpg
https://www.crossroads.com.au/medias/crossroads-00146071-100-1-300x300?context=bWFzdGVyfHJvb3R8Mjg1NzV8aW1hZ2UvanBlZ3xzeXMtbWFzdGVyL3Jvb3QvaDNhL2hmOS85NDk4ODA1NTY3NTE4L2Nyb3Nzcm9hZHMtMDAxNDYwNzFfMTAwLTFfMzAweDMwMHw4ZGM1N2RhMGIyZTk3ZmIwZmRjNGExYjJhY2I1NWZjYjQ2MmJhNDlmYmNkMGQ0ZDY3ZTI3NjYzZWRkYmY0NWE1
https://lp2.hm.com/hmgoepprod?set=source[/4a/8b/4a8bef7bf2174cae355a01f17833fd73d549bc56.jpg],origin[dam],category[],type[DESCRIPTIVESTILLLIFE],res[z],hmver[1]&call=url[file:/product/main]
https://cdn.shopify.com/s/files/1/0178/0090/products/fulton_faded_1_480x.jpg
https://cdn.tobi.com/product_images/sm/1/blue-wandering-star-denim-mini-dress.jpg
https://i.etsystatic.com/12063579/d/il/1f415d/1747249024/il_340x270.1747249024_rvol.jpg?version=0
https://www.chicos.com/Product_Images/570256677_4706.jpg?resize=300px:*
https://n.nordstrommedia.com/ImageGallery/store/product/Zoom/17/_104721657.jpg?h=365&w=240&dpr=2&quality=45&fit=fill&fm=jpg
https://images.express.com/is/image/expressfashion/0078_06955569_0019?cache=on&wid=361&fmt=jpeg&qlt=75,1&resmode=sharp2&op_usm=1,1,5,0&defaultImage=Photo-Coming-Soon
https://d8u4ar0mtddgh.cloudfront.net/media/wysiwyg/denim-menu-image2_3.jpg
https://glassons-com.imgix.net/homestory/0125844001550634944~1550634944.jpg?w=900&h=1600&fit=fillmax&auto=format&s=fb8abc92c3a51a8fb36718c534513a88
https://i.s-madewell.com/is/image/madewell/w-2018-sep1-denimbar-05-moredenim-img2?wid=525&fmt=jpeg&fit=wrap&qlt=65,1&op_sharpen=0&resMode=bicub&op_usm=0.5,1,5,0
https://www.thepinkrooster.co.uk/image/cache/data/products/68533-img_9180-370x650.jpg
https://cdn.shopify.com/s/files/1/0806/0727/products/DSC_0023_7bd07444-2f09-48d7-9a69-5d57bc223466_large.JPG
https://lsco.scene7.com/is/image/lsco/Levis/clothing/163650041-front-pdp.jpg?$grid_desktop_full$
https://i.ytimg.com/vi/8kkWJR0xm3I/hqdefault.jpg
https://static.pixlee.com/photos/264597293/medium/9f57447eb3cf83351e0e.jpg
https://media.missguided.com/s/missguided/G1804618_set/1/blue-denim-sinner-high-waisted-skinny-jeans?$category-page__grid--1x$
https://global.diesel.com/on/demandware.static/-/Library-Sites-Diesel/default/dw09bd4315/HOMEPAGE/2019-w01-hp-editorial-6-jackets-fl.jpg
https://shop.guess.net.au/www/615/files/eoss-fullwidth-050219_05.jpg
https://cdn.brandymelvilleusa.com/media/catalog/product/cache/1/image/1800x/040ec09b1e35df139433887a97daa66f/5/q/5q4a7558.jpg
https://www.shopakira.com/media/catalog/product/cache/1/small_image/600x906.75/9df78eab33525d08d6e5fb8d27136e95/p/s/psf08_black_1_1_default.jpg
https://mrpg.scene7.com/is/image/MRP/01_1101052365_SI_00?wid=360&hei=540&qlt=80
https://i.shgcdn.com/50a56617-8a7d-41a6-8f73-17a1fbc40db5/-/format/auto/-/preview/3000x3000/-/quality/lighter/
https://image.tfgmedia.co.za/image/1/process/234x234?source=http://cdn.tfgmedia.co.za/02/ProductImages/56598194.jpg
http://www.centervalleyescrow.com/images/pic/L1221C01P-N11.jpg
https://xcdn.next.co.uk/Common/Items/Default/Default/ItemImages/Search/224x336/L07192.jpg?X56
https://cdn.shopify.com/s/files/1/0795/0571/products/Wool_navy_1_8402f958-a9e0-4f39-94ab-b3559bbec751_large.jpg?v=1549888465
https://bananarepublicfactory.gapfactory.com/webcontent/0016/332/185/cn16332185.jpg
https://35f0jq1fcotly82b3o727xi0-wpengine.netdna-ssl.com/wp-content/uploads/Vintage-Denim-Jacket-Front-807.jpg
https://static1.squarespace.com/static/5558e8d7e4b00de931f3805b/t/557f6474e4b030ded779366f/1434412151753/
https://www.justmysize.com/images/static/JMS_Category_Legs.jpg
https://images.gdicdn.com/images/product/100046354/100046354_07J_274x410.jpg?version=1
https://cdn-img.prettylittlething.com/5/1/7/a/517a2be83da9897a2207cf965a54beea523c89fe_CLV1602_1.JPG?imwidth=400
https://d23x084dcxncv3.cloudfront.net/seasalt/product/3dd7e5b9.112052B001_2.jpg/540x810.fit.112052B001_2.jpg
https://s7d9.scene7.com/is/image/Chaps/medium/1870071610133408_001.jpg
https://curvissa.scene7.com/is/image/OttoUK/300w/Stretch-Denim-Jacket~49B452FRSP.jpg
https://d3lazpv835634a.cloudfront.net/product-media/2JKW/450/450/28001397-sandwich-bluedenim-1.jpg
https://s7d5.scene7.com/is/image/Guess/GF_Site_HP_PPTEvent_1757_07?wid=306&qlt=90
http://static1.squarespace.com/static/5442b6cce4b0cf00d1a3bef2/544ea656e4b07de01f73d3c5/56ba31293c44d8c2a832dc9c/1550709407117/American%2BMade%2BClothing.jpeg?format=1500w
https://cdn.shopify.com/s/files/1/1342/3945/products/LVC_-_501_-_1966_one_wash.jpg?v=1474232526
http://www.appalachianangoras.org/images/category_5/%20WSPLYSPJY%20Little%20Girl%20Retro%20Elastic%20Waist%20Wide%20Leg%20Denim%20Pants%20Palazzo%20Pants%20Clothing%20-%20JWC2VWCLO.jpg
http://www.thehazelsbeauty.net/image/cache/data/category_14/wsplyspjy-little-girl-fashion-cotton-casual-bottom-mesh-denim-jacket-clothing-0fj1ottl1-500x500-product_popup.jpg
https://cdn.shopify.com/s/files/1/0470/2117/products/duo_2048x.jpg?v=1544923290
https://cdn.shopify.com/s/files/1/2290/7887/products/MBF191132-BLK_3_large.jpg?v=1550209391
https://static.webshopapp.com/shops/044447/files/120339293/320x500x2/wam-denim-shirt-flower-print-navy.jpg
https://s7d5.scene7.com/is/image/LuckyBrandJeans/20190228_blog1?wid=970
https://cdn.shopify.com/s/files/1/2351/6715/products/Malecki_KegRev_-10.jpg?v=1542687923
https://hips.hearstapps.com/hmg-prod.s3.amazonaws.com/images/276815-m-1518629478.jpg
https://image.s5a.com/is/image/TheBay/803_BRD_Topshop_Jeans?qlt=100&scl=1
https://www.gap.com/Asset_Archive/GPWeb/content/0016/640/649/assets/02_denim_for_everybody/G24938_CR1127_WM_DenimforEveryBody_HPMain_MOB.jpg
https://hottopic.scene7.com/is/image/HotTopic/190204_CLP_Clothing_8_denimfitguide_576x420?wid=576
https://cdn1.gluestore.com.au/media/catalog/product/cache/1/image/400x533/9df78eab33525d08d6e5fb8d27136e95/i/m/img_9716_.jpg
http://www.keepthegreen.org.uk/images/women%20clothing/denim%20%20dresses/Amazing%20Denim%20Dresses%20-%20light%20blue%20Embroidered%20Long%20Sleeve%20Denim%20Dress%2031213416%20-%20Womens%20Dresses.png
https://honestlywtf.com/wp-content/uploads/2015/09/sashikodenim9.jpg
https://supre.com.au/dw/image/v2/BBDS_PRD/on/demandware.static/-/Sites-catalog-master-supre/default/dw817508e6/8053886/8053886-02-2.jpg?sw=400&sh=600&sm=fit
https://www.truereligion.com/on/demandware.static/-/Sites-TrueReligion-Library/default/dw8c534309/category/TRF_CR5341_SP19_ManU_Kids_ContentBlock_407x300.jpg
https://clickshipnow.com/wp-content/uploads/2018/10/Denim-Jackets-Coats-Clothing-Women%E2%80%99s-Must-have-Fall-Winter-Outfits-z02.jpg
https://images.dresshead.com/images/dress/Denim%20Dresses/3515039/3515039.jpg
https://i.pinimg.com/236x/98/d4/ab/98d4ab3bf28c7682dc5872259bffd67d--denim-logorato-patched-denim.jpg
https://www.gasjeans.com/media/catalog/category/Gasjeans_widget_social_wall.jpg
https://r8zlusvr.rocketcdn.com/images/ac_product_images/product_image_data/resizeandpad:400:600/254815.jpg
https://www.denhamthejeanmaker.com/on/demandware.static/-/Sites/default/dw1b128f51/images/virgintovintage/Brimme_05.jpg
https://static.pullandbear.net/2/photos/2019/V/0/1/p/5390/301/400/5390301400_4_1_2.jpg?t=1550072470750
http://blog.knotstandard.com/assets/tumblr_nngdl2vVNz1t44zdso1_500.jpg
https://michaelkors.scene7.com/is/image/MichaelKors/MS99CP6TK6-0100_IS?$categoryMediumNew$
https://ddcfq0gxiontw.cloudfront.net/instagram/96/17972452696166796/standard_resolution.xx&oh=a024d067ffd7c6f1e407a1a9ccfc3b40&oe=5CAF1D6F
https://cdn.shopify.com/s/files/1/3038/9256/products/30633-01_1533168675_500x.jpg?v=1535389149
https://is4.revolveassets.com/images/p4/n/c/AGOL-WN15_V1.jpg
https://www.christopherandbanks.com/dw/image/v2/ABBN_PRD/on/demandware.static/-/Sites-shop-cbk-master-catalog/default/dwd9d76e09/images/product/large/070070580009465_0428_main.jpg?sw=304&sh=442&sm=fit
https://www.kornit.com/wp-content/uploads/Kornit_140.jpg
https://lsco.scene7.com/is/image/lsco/Levis/clothing/373470048-front-pdp.jpg?$grid_desktop_full$
https://static.pixlee.com/photos/268136659/xl/013119_Gby_Vigns37215.jpg
https://cdn.shopify.com/s/files/1/0806/0727/products/DSC_0054_f6ae17d4-4295-417c-81ab-49a429901d24_large.JPG
https://46fjj12eeht73lsxezcqpvlt-wpengine.netdna-ssl.com/wp-content/uploads/2019/02/fade-of-the-day-japan-blue-jb0601-j-kyoto-limited-model-1-year-1-wash-1-soak-front-770x515.jpg
https://www.chicos.com/Product_Images/570260556_4737.jpg?resize=300px:*
https://www.alloyapparel.com/files/6515/2330/7990/20180409-DenimShop-LP-premium.jpg
https://i1.adis.ws/i/simplybe/?layer0=[src=/i/simplybe/p02dj299501w_8247c04b/DJ299.jpeg&$plp-370$]&layer1=[src=/i/simplybe/161212_sbu_badge_sale&anchor=BL&left=15&bottom=15&$badge-370$]&$plp-370$&$plp-370-qlt$
https://cdn-img.prettylittlething.com/f/d/a/0/fda041d770a6c632c41f04bbd18ac29228203748_cls9403_1.jpg?imwidth=400
https://cdn.wearethought.com/wp-content/uploads/2018/03/Organic-Denim-Dresses-Thought-Clothing.jpg
https://s3.amazonaws.com/com.stitchfix.blog/wp-content/uploads/2018/09/05170755/W_BLG_YourGuideToDenimInseams_AH1-936x468.jpg
https://i.shgcdn.com/522aa57c-3656-4300-b2b1-cf4bb92f7e57/-/format/auto/-/preview/3000x3000/-/quality/lighter/
https://35f0jq1fcotly82b3o727xi0-wpengine.netdna-ssl.com/wp-content/uploads/vintage-clothing-women-denim-shorts-2.jpg
https://image.tfgmedia.co.za/image/1/process/234x234?source=http://cdn.tfgmedia.co.za/02/ProductImages/56279231.jpg
https://riverisland.scene7.com/is/image/RiverIsland/835167_main?$CrossSellProductPage300$
https://www.princesspolly.com/media/catalog/product/cache/7/base/450x609/9df78eab33525d08d6e5fb8d27136e95/1/_/1.1_2_53.1545373248.jpg
https://www.wikihow.com/images/thumb/5/51/Wear-a-Denim-Dress-Step-2.jpg/aid8662460-v4-728px-Wear-a-Denim-Dress-Step-2.jpg
https://www.bragvintage.co.uk/skin/frontend/bragvintage/default/images/blog-images/v-1024x731.jpg
https://smhttp-ssl-77968.nexcesscdn.net/pub/media/wysiwyg/SP19/menu/SP19-MENU-GLOBAL-MENS.jpg
https://mosaic03.ztat.net/vgs/media/catalog-lg/N1/24/1E/0P/FQ/11/N1241E0PF-Q11@9.jpg
https://images.express.com/is/image/expressfashion/0076_03014478_0058?cache=on&wid=361&fmt=jpeg&qlt=75,1&resmode=sharp2&op_usm=1,1,5,0&defaultImage=Photo-Coming-Soon
https://cdn.shopify.com/s/files/1/0013/8906/8346/products/KW14459_SMRBLCHWSH_2_large.jpg?v=1545034277
https://www.target.com.au/medias/sys_master/h88/h5c/11701233418270.jpg
https://www.jackjones.com/on/demandware.static/-/Library-Sites-bestseller-content-library/default/dw68b1afcc/jackjones/store-assets/w04/update1/flyouts/clothing-1-roe.jpg
https://cdn.shopify.com/s/files/1/2577/9994/files/24058965_1529045347179403_894600459481345633_n_600x600@2x.jpg?v=1536249135
https://www.nydj.com/dw/image/v2/BCHH_PRD/on/demandware.static/-/Sites-master-catalog-nydj/default/dw05330d13/images/large/431B_858_1.jpg?sw=768&sh=1152&sm=cut
https://static1.squarespace.com/static/58163c29197aea6c5f166b6f/t/59e2ec012278e799515ccbed/1517514288748/Sustainable+Denim+Brands+Making+Eco-Friendly+Jeans
https://cdn.shopify.com/s/files/1/1342/3945/products/R0F9055.jpg?v=1522147412
https://cdn.yoox.biz/40/40124691ED_12_a_V4.jpg
https://cdn.shopify.com/s/files/1/2189/4291/products/Anise_Grey_1_384x480_crop_center.jpg?v=1540435716
https://www.gliks.com/Assets/HomePageBillboards/Shop-Denim-Shorts-2-22.jpg
https://www.aeropostale.com/dw/image/v2/BBSG_PRD/on/demandware.static/-/Sites-master-catalog-aeropostale/default/dw76bd9340/87014819_176_alt1.jpg?sw=460&sh=535&sm=fit&sfrm=jpg
https://www.leelouanne.com.au/wp-content/uploads/2018/05/a53-1-554x812.jpg
https://i.s-madewell.com/is/image/madewell/m-2019-feb1-flyout-clothing?wid=570&fmt=jpeg&fit=wrap&qlt=65,1&op_sharpen=0&resMode=bicub&op_usm=0.5,1,5,0
https://cdn.webshopapp.com/shops/44447/files/257883008/320x500x2/wam-denim-carlsbad.jpg
https://static1.squarespace.com/static/5787ff16b3db2b900c7a8772/t/57bf38ad725e25bf9ff4bf9c/1472149739022/LF+%286+of+12%29.jpg
https://cdn.shopify.com/s/files/1/0071/3637/8998/products/the-idle-man-chino-shorts-brown1727711023923_800x.jpg?v=1550504433
https://www.denhamthejeanmaker.com/on/demandware.static/-/Sites/default/dw89542881/images/featured/tshirts-women.jpg
https://r8zlusvr.rocketcdn.com/images/ac_product_images/product_image_data/resizeandpad:400:600/245022.jpg
https://www.thepinkrooster.co.uk/image/cache/data/products/81475-img_5316%20(2)-370x650.jpg
https://cdn.shopify.com/s/files/1/0178/0090/products/M886-1_480x.jpg
https://modella.com.au/wp-content/shopp/images/mia-clothing-dark-blue-denim-pencil-skirt.jpg
https://rukminim1.flixcart.com/image/332/398/jiw10280/shirt/w/g/w/m-kaclhs1157p-kuons-avenue-original-imaf6hbmwyebphrf.jpeg?q=50
https://www3.assets-gap.com/webcontent/0016/464/639/cn16464639.jpg
https://long-john.nl/wp-content/uploads/2017/06/levis-vintage-clothing-507XX-jacket-jack-longjohnblog-cultizm-store-shop-online-denim-jeans-usa-america-type-2-1-640x1024.jpg
https://s7d5.scene7.com/is/image/Guess/GBY_Mobile_Home_Landing_1673_04?$responsive_xs$&qlt=75
https://i.pinimg.com/236x/01/3f/ec/013fece4203a18035df7d8963db73984--womens-denim-jackets-jean-jackets.jpg
https://cdn3.yoox.biz/cloud/dsquared2wp/uploads/2018/10/SLOT1_DENIM--1250.jpg
https://cdn1.gluestore.com.au/media/catalog/product/cache/1/image/400x533/9df78eab33525d08d6e5fb8d27136e95/u/n/untitled-1992-2.jpg
http://www.isko.com.tr/wp-content/uploads/2016/08/isko-cosy.jpg
https://cdn.cliqueinc.com/cache/posts/274344/best-mom-jeans-274344-1544032418957-main.700x0c.jpg
https://d2bvpivebkb899.cloudfront.net/seasalt/product/cb0f2547.112052B001_1.jpg/290x435.crop.112052B001_1.jpg
https://cdn.brandymelvilleusa.com/media/catalog/product/cache/1/image/414x621/9df78eab33525d08d6e5fb8d27136e95/m/d/md034-166s66500ml16_1.jpg
https://www.crossroads.com.au/medias/crossroads-00144898-411-1-300x300?context=bWFzdGVyfHJvb3R8OTkyMXxpbWFnZS9qcGVnfHN5cy1tYXN0ZXIvcm9vdC9oMzMvaDFjLzk0NjY1MTMwNjM5NjYvY3Jvc3Nyb2Fkcy0wMDE0NDg5OF80MTEtMV8zMDB4MzAwfDIzM2JlNDhlYTFhZDdhYmY1MzI1Mzc5ZWYzYzIzNTE1YWJkZDcyYzMwZWM0NGRmOGYxNTM5MzdhZDhiNjRkZmQ
https://www.fashiontofigure.com/crsdocroot/images/FTF/Homepage/190228b/D_2-28_02.jpg
https://mrpg.scene7.com/is/image/MRP/01_4107410274_SI_00?wid=280&qlt=80
https://media.cabiclio.com/products/335490-20181031101336.jpeg?w=330
https://hallensteins-com.imgix.net/hptemplate/0410753001550095863~1550095863.jpg?fit=fillmax&auto=format&s=2095c64e6edb6a0fa6e4d50cf3db3d80
https://i0.wp.com/genius.ie/wp-content/uploads/2018/09/denham-genius-dublin-materials.jpg?w=620
https://clickshipnow.com/wp-content/uploads/2018/10/Denim-Jackets-Coats-Clothing-Women%E2%80%99s-Must-have-Fall-Winter-Outfits-02-e1540464796322-682x1024.jpeg
https://images.topshop.com/i/TopShop/TS26G64PMGD_M_1.jpg?$Large$
http://www.thehazelsbeauty.net/image/cache/data/category_19/kids-baby-boys-spring-autumn-zipper-denim-pants-washed-casual-jeans-trousers-clothing-q7ljfk8zw-500x500-product_popup.jpg
https://35f0jq1fcotly82b3o727xi0-wpengine.netdna-ssl.com/wp-content/uploads/Vintage-Denim-Jacket-Front-840.jpg
https://www.chicos.com/Product_Images/570254262ext3.jpg?resize=300px:*
https://images2.drct2u.com/plp_full_width_1/products/oq/oq964/q02oq964500w.jpg
https://www.seedheritage.com/dw/image/v2/AAZI_PRD/on/demandware.static/-/Sites-seed-master-catalog/en_AU/v1551559140717/images/8083212-se/seed-8083212-wa-v2.jpg?sw=232&sh=232&sm=fit
https://cdn10.bigcommerce.com/s-yzu5huj/product_images/c/catbutton_w_dresses__38300.jpg
https://s3.amazonaws.com/com.stitchfix.blog/wp-content/uploads/2019/01/17173456/W_BLG_NewYearNewDenim_sq-296x296.jpg
http://www.keepthegreen.org.uk/images/women%20clothing/denim%20%20dresses/Buy%20Cheap%20Denim%20Dresses%20-%20deep%20blue%20Denim%20Shirred%20Pocket%20Design%20Dress%20IK64849%20-%20Womens%20Dresses.jpg
https://images.express.com/is/image/expressfashion/0037_06214429_0461?cache=on&wid=361&fmt=jpeg&qlt=75,1&resmode=sharp2&op_usm=1,1,5,0&defaultImage=Photo-Coming-Soon
https://www.witchery.com.au/images/assetimages/2019/03-march/wk-1/desktop/Slider-Evening-Standard.jpg
https://cdn.shopify.com/s/files/1/1342/3945/products/R0F9030.jpg?v=1522147346
http://www.primermagazine.com/wp-content/uploads/2015/11/Muscular-Jeans/Muscular-Jeans_Worn.jpg
http://www.boutiquepage.com/wp-content/uploads/2017/06/summer-dresses-cute-summer-ootd-crop-top-denim-shorts.jpg
https://cdn.shopify.com/s/files/1/1405/5278/products/DivisionRoad_Product_CraftNotCrap_11_23_2018_IronHeart_296_1024x1024.jpg?v=1550372680
https://www.gap.com/Asset_Archive/GPWeb/content/0016/706/397/assets/controller_2/G24958_CR0115_AllDiv_IconDenimJacket_HPMainFULL_DESK_V1.jpg
https://riverisland.scene7.com/is/image/RiverIsland/833626_main?$CrossSellProductPage300$
https://scontent.cdninstagram.com/vp/8f0e607c5d65d8758e3d3f118fe91b3e/5D04A141/t51.2885-15/sh0.08/e35/p640x640/50992681_2632915746738248_9165056551693899178_n.jpg?_nc_ht=scontent.cdninstagram.com
https://cdn.shopify.com/s/files/1/1285/7087/t/10/assets/share.png?3713959635024891884
https://www.madewell.com/on/demandware.static/-/Library-Sites-SiteGenesisSharedLibrary/default/dw71aebdfa/images/inspo/thumbnails/w-2019-feb1-initiatives-thumb.jpg
http://www.lovedbylydia.co.uk/images/large/Women%20Online/Paige%20Denim%20Clothing%20nh%20Women%20Paige%20Denim%20Hoxton%20High%20Rise%20Skinny%20Jeans%20Tristan%20Jeans%20WCJST%20368_5_LRG.jpg
https://46fjj12eeht73lsxezcqpvlt-wpengine.netdna-ssl.com/wp-content/uploads/2011/09/momotarogoldlabel.jpg
https://static1.squarespace.com/static/58163c29197aea6c5f166b6f/t/59e2eb8980bd5e11b6caf26d/1517514297506/Sustainable+Denim+Brands+Making+Eco-Friendly+Jeans
https://cdn-img.prettylittlething.com/e/6/1/f/e61f9a76629f96400e0cd67950f8d9c197c47b06_clr8992_1.jpg?imwidth=400
https://birdsnest-images.imgix.net/system/images/0811/4943/double-denim-dreamin--with-boho-bird-skinny-jeans-and-human-premium-heel.jpg?ixlib=rails-2.1.4&auto=format%2Ccompress&q=75&w=222&h=332
https://cdn.shopify.com/s/files/1/3038/9256/products/33574-02_500x.JPG?v=1550715520
https://matalan-content.imgix.net/uploads/asset_file/asset_file/210543/1550133588.4624784-S2709152_C128_Alt1.jpg?ixlib=rails-2.1.4&auto=format%2Ccompress&cs=tinysrgb&w=260&s=1d11dbfa8f2ca67797a9dc23bdf02ee2
https://cdn.cliqueinc.com/cache/posts/277849/best-jeans-shopbop-sale-2019-277849-1551125750074-main.700x0c.jpg
https://bluedeltajeans.com/wp-content/themes/bluedelta/dist/images/holland-sherry.jpg
https://cdn3.volusion.com/ulhdu.ahusv/v/vspfiles/photos/BKRV2-DN-2.jpg
https://lsco.scene7.com/is/image/lsco/Levis/clothing/163650040-front-pdp.jpg?$grid_desktop_full$
https://s7d9.scene7.com/is/image/Chaps/medium/1402069390756010_001.jpg
https://www.realmenrealstyle.com/wp-content/uploads/best-mens-jeans.jpg
http://www.thehazelsbeauty.net/image/cache/data/category_8/cowgirl-tuff-western-denim-jeans-girls-wild-wooly-medium-wash-gjwwpk-clothing-6951oj42v-500x500-product_popup.jpg
https://cdn.tobi.com/product_images/md/2/light-wash-ceres-bodycon-wrap-denim-dress.jpg
https://www.bragvintage.co.uk/skin/frontend/bragvintage/default/images/blog-images/CINCHED-back-original-style-1024x357.jpg
https://images.dresshead.com/images/Denim%20Dresses/3515024/3515024.jpg
https://i2.wp.com/fashionclub.com/fc/wp-content/uploads/2017/05/cartier-dior-pianted-denim-05.jpg?resize=620%2C420
https://static.webshopapp.com/shops/044447/files/120352694/320x500x2/wam-denim-shirt-flower-print-white.jpg
https://clickshipnow.com/wp-content/uploads/2018/10/Denim-Jackets-Coats-Clothing-Women%E2%80%99s-Must-have-Fall-Winter-Outfits-z01-1-683x1024.jpg
https://www.joesjeans.com/Media/JOES/homepage/joes-jeans-mens-new-arrivals.jpg
https://cdn.brandymelvilleusa.com/media/catalog/product/cache/1/image/1800x/040ec09b1e35df139433887a97daa66f/5/q/5q4a7540.jpg
https://www.monki.com/content/dam/Monki/Startpage/2019/w7-9/monki-just-breaking-in-our-denim-0709-ss19-hero-mobile.jpg
https://cdn.shopify.com/s/files/1/0470/2117/products/inside_open_view_edited-1_cfba9c2e-a0b4-479b-9532-8ad13c65ae33_2048x.jpg?v=1542622136
https://35f0jq1fcotly82b3o727xi0-wpengine.netdna-ssl.com/wp-content/uploads/vintage-denim-jacket-835-2.jpg
https://www.jcrew.com/brand_creative/2018/0327/201902_0122_flyout_img1.jpg
https://images.express.com/is/image/expressfashion/0024_02756291_0020?cache=on&wid=361&fmt=jpeg&qlt=75,1&resmode=sharp2&op_usm=1,1,5,0&defaultImage=Photo-Coming-Soon
https://assets.myntassets.com/dpr_2,q_60,w_210,c_limit,fl_progressive/assets/images/1436399/2016/8/8/11470632756256-RDSTR-Blue-MotoGP-Black-Denim-Casual-Shirt-1531470632756022-1.jpg
https://cdn.shopify.com/s/files/1/0178/0090/products/20170515_Image__1021_480x.jpg
https://cdn-img.prettylittlething.com/3/2/f/9/32f94cc8915b102539a203ea2ee836c241f06656_clr1186_1.jpg?imwidth=400
https://cdn.yoox.biz/35/35394469TE_12_a_V4.jpg
https://riverisland.scene7.com/is/image/RiverIsland/834345_main?$CrossSellProductPage300$
https://46fjj12eeht73lsxezcqpvlt-wpengine.netdna-ssl.com/wp-content/uploads/2016/12/buying-your-first-pair-of-raw-denim-the-beginners-guide-the-upper-thigh-here-measures-12.jpg
https://cdn.shopify.com/s/files/1/1342/3945/products/R0F9056.jpg?v=1522147412
http://www.keepthegreen.org.uk/images/women%20clothing/denim%20%20dresses/Best%20Selling%20Denim%20Dresses%20-%20light%20blue%20Button%20Up%20Distressed%20Denim%20Dress%20AQ09736%20-%20Womens%20Dresses.jpg
https://i.pinimg.com/236x/f5/94/79/f59479a47ebe81bce53f755d13241a49--trendy-mens-clothing-mens-fashion-clothing.jpg?b=t
https://s7d9.scene7.com/is/image/Chaps/medium/1402061352973242_001.jpg
https://images.urbanoutfitters.com/is/image/UrbanOutfitters/49999741_091_b?$medium$&qlt=80&fit=constrain
https://static.webshopapp.com/shops/044447/files/150200960/320x500x2/wam-denim-shirt-pink.jpg
https://cdn.shopify.com/s/files/1/3038/9256/products/Denim_Duc_Crash_Cargo_Pants_2_500x.jpg?v=1535418384
https://www2.assets-gap.com/webcontent/0015/901/954/cn15901954.jpg
https://35f0jq1fcotly82b3o727xi0-wpengine.netdna-ssl.com/wp-content/uploads/vintage-denim-jackets-bigger.jpg
https://images.dresshead.com/images/Denim%20Dresses/515019/515019.jpg
https://smhttp-ssl-77968.nexcesscdn.net/pub/media/wysiwyg/SP19/HP/SP19-HP-MANTLE-GLOBAL-RETURN-M-RESERVE-PANT.jpg
http://www.phiadesigns.ca/images/cate_33/640/Cheap-Ideal-MUXU-autumn-winter-new-loose-dress-retro-denim-dresses-women-womens-clothing-vestidos-mujer-jurken-long-sleeve-moda-feminina-Kx5Sw0gF-wiy0.jpg
https://assets.myntassets.com/dpr_2,q_60,w_210,c_limit,fl_progressive/assets/images/1584900/2018/11/22/96c1f0a6-add9-4db1-bae0-4520c70419d51542878909506-Roadster-Blue-Distressed-Denim-Dungarees-6101542878909093-1.jpg
https://www.heddels.com/wp-content/uploads/2016/12/buyingyourfirstpair.jpg
https://cdn.shopify.com/s/files/1/1342/3945/products/R0F9036.jpg?v=1522147323
https://riverisland.scene7.com/is/image/RiverIsland/833745_main?$CrossSellProductPage300$
http://www.thehazelsbeauty.net/image/cache/data/category_8/lee-girls'-5-pkt-rigid-denim-clothing-9zdev69g9-500x500-product_popup.jpg
http://www.keepthegreen.org.uk/images/women%20clothing/denim%20%20dresses/Big%20Discount%20Denim%20Dresses%20-%20denim%20blue%20Charming%20Spaghetti%20Strap%20Zipper%20Design%20Seamed%20Denim%20Dress%20For%2038UP723%20-%20Womens%20Dresses.jpg
https://theshoehive.com/wp-content/uploads/2019/02/trend-report-denim-916-FEATURED.jpeg
http://cdn.shoplightspeed.com/shops/619638/files/11434440/900x900x1/denim.jpg
https://cdn.shopify.com/s/files/1/1285/7087/products/Jean-jacket-Updated-front_large.png?v=1531326518
https://long-john.nl/wp-content/uploads/2017/06/q6zajdveiln2vqvp3cmf.jpg
https://cdn.webshopapp.com/shops/44447/files/257633633/320x500x2/wam-denim.jpg
https://d27ah0i12nj2vl.cloudfront.net/media/catalog/product/cache/1/image/9df78eab33525d08d6e5fb8d27136e95/7/0/702AVLG1.jpg
http://www.vindexports.com/vind-garments/data1/images/vind_garments_products__denim_wear.jpg
https://cdn.shopify.com/s/files/1/3038/9256/products/Denim_Duc_Crash_Cargo_Pants_1_1524173145_500x.jpg?v=1535418383
https://s7d9.scene7.com/is/image/Chaps/medium/1912038349201010_001.jpg
https://www4.assets-gap.com/webcontent/0016/541/561/cn16541561.jpg
http://www.keepthegreen.org.uk/images/women%20clothing/denim%20%20dresses/100%20original%20Denim%20Dresses%20-%20deep%20blue%20Simple%20Long%20Sleeve%20Front%20Pocket%20Slit%20Maxi%20Jeans%20Dress%2044XL-1540%20-%20Womens%20Dresses.jpg
https://assets.myntassets.com/dpr_2,q_60,w_210,c_limit,fl_progressive/assets/images/2384487/2018/1/9/11515492044742-Eimoie-Girls-Navy-Blue-Solid-Denim-Dungaree-3411515492044747-1.jpg
https://cdn-img.prettylittlething.com/3/8/c/5/38c5b3f4b4fca9381db0e1d90adf4aee76d19c8f_clq0208_1.jpg?imwidth=400
https://www.chicos.com/Product_Images/570214083ext3.jpg?resize=300px:*
https://www.jcrew.com/s7-img-facade/L1561_GR7716_m?wid=366&fmt=jpeg&qlt=90,0&resMode=sharp&op_usm=.1,0,0,0&iccEmbed=1
https://images.dresshead.com/images/dress/Denim%20Dresses/3515033/3515033.jpg
https://s7d9.scene7.com/is/image/Chaps/medium/1910062706586033_001.jpg
https://cdn.webshopapp.com/shops/44447/files/257898767/320x500x2/wam-denim-trento.jpg
https://cdn.shopify.com/s/files/1/1342/3945/products/IMG_1751.jpg?v=1474399157
https://cdn.shopify.com/s/files/1/3038/9256/products/30705-01_1533169502_500x.jpg?v=1535389188
http://www.thehazelsbeauty.net/image/cache/data/category_8/u.s.-polo-assn.-toddler-girls'-denim-jean-clothing-aobqk2obu-500x500-product_popup.jpg
https://www.chicos.com/Product_Images/570254262ext2.jpg?resize=300px:*
http://www.keepthegreen.org.uk/images/women%20clothing/denim%20%20dresses/Buy%20cheap%20Denim%20Dresses%20-%20blue%20Topstitching%20Pocket%20Denim%20Overall%20Dress%2084OQ679%20-%20Womens%20Dresses.jpg
https://www.heddels.com/wp-content/uploads/2013/05/crotch_blowouts.jpg
https://cdn.shopify.com/s/files/1/1342/3945/products/lev2.jpg?v=1521654894
https://cdn.shopify.com/s/files/1/3038/9256/products/14791-01_1408755730_500x.jpg?v=1535417377
https://www.surfstitch.com/on/demandware.static/-/Sites-ss-master-catalog/default/dwd644c245/images/H8172381DENIM/DENIM-WOMENS-CLOTHING-THE-HIDDEN-WAY-JACKETS-H8172381DENIM_2.JPG
https://www.pacsun.com/dw/image/v2/AAJE_PRD/on/demandware.static/-/Sites-pacsun_storefront_catalog/default/dw6f3adcf0/product_images/0821454500132NEW_00_001.jpg?sw=458&sh=710&sm=fit
https://cdn-img.prettylittlething.com/6/e/c/a/6ecad2ff8e78fde9ac27af678cd75a4d516dde86_CLV6332_1.JPG?imwidth=400
https://46fjj12eeht73lsxezcqpvlt-wpengine.netdna-ssl.com/wp-content/uploads/2015/09/2015-09-23-11.15.33-1-1024x8193.jpg
https://dlew94qv551o6.cloudfront.net/media/wysiwyg/home2018_july/Hero_Banner_july_2018_back_women_mobile.jpg
https://cdn.shopify.com/s/files/1/3038/9256/products/15585-02_1414031502_500x.jpg?v=1535417313
http://www.keepthegreen.org.uk/images/women%20clothing/denim%20%20dresses/Cheap%20Price%20Denim%20Dresses%20-%20black%20deep%20blue%20light%20blue%20Midi%20Denim%20Pinafore%20Dress%20BB46274%20-%20Womens%20Dresses.jpg
https://cdn.shopify.com/s/files/1/1342/3945/products/R0F9042.jpg?v=1522147323
https://www.bcbg.com/on/demandware.static/-/Sites-BCBG-Library/default/dw9bc32f93/images/2019/contentasset/02feb/5040_BCBG_MEGANAV_425x350_Clothing_2.jpg
http://www.keepthegreen.org.uk/images/women%20clothing/denim%20%20dresses/Cheap%20price%20Denim%20Dresses%20-%20denim%20blue%20Denim%20Dress%20with%20Pockets%20TF61717%20-%20Womens%20Dresses.jpg
http://www.keepthegreen.org.uk/images/women%20clothing/denim%20%20dresses/Attractive%20Denim%20Dresses%20-%20denim%20blue%20Charming%20Zip%20Up%20Slit%20Racerback%20Solid%20Color%20Belted%20Denim%20Dress%20For%2027GO397%20-%20Womens%20Dresse.jpg
https://dx0woejilafh2.cloudfront.net/sys-master/m0/MC/2019/1/6141519003/001/s3master/6141519003001-z-diradato-pantalone-corto_thumbnail.jpg
https://images.urbanoutfitters.com/is/image/UrbanOutfitters/49999741_001_b?$medium$&qlt=80&fit=constrain
https://images.dresshead.com/images/Blue%20Dresses/5525210/large/1.jpg